[{"id":1,"first_name":"Rivkah","last_name":"Figgs","email":"rfiggs0@prweb.com","phone":"(648) 2121406","address":"53 Lakewood Pass"},
{"id":2,"first_name":"Ebonee","last_name":"Lambregts","email":"elambregts1@ibm.com","phone":"(947) 6844320","address":"6 Hanover Road"},
{"id":3,"first_name":"Oralle","last_name":"Dufer","email":"odufer2@cbslocal.com","phone":"(884) 3193745","address":"3180 Corben Pass"},
{"id":4,"first_name":"Neilla","last_name":"Crowcroft","email":"ncrowcroft3@foxnews.com","phone":"(862) 9211110","address":"1 Killdeer Pass"},
{"id":5,"first_name":"Flossie","last_name":"Giacoppo","email":"fgiacoppo4@instagram.com","phone":"(940) 8155589","address":"63951 Dorton Street"},
{"id":6,"first_name":"Dexter","last_name":"Lotze","email":"dlotze5@jiathis.com","phone":"(932) 8703153","address":"90566 Petterle Park"},
{"id":7,"first_name":"Zia","last_name":"Cosgrive","email":"zcosgrive6@statcounter.com","phone":"(419) 2970590","address":"59620 Fuller Place"},
{"id":8,"first_name":"Keir","last_name":"Merryweather","email":"kmerryweather7@redcross.org","phone":"(106) 8075169","address":"02818 Weeping Birch Junction"},
{"id":9,"first_name":"Gibby","last_name":"Clapp","email":"gclapp8@microsoft.com","phone":"(706) 2101225","address":"6 Warbler Lane"},
{"id":10,"first_name":"Mahalia","last_name":"Meryett","email":"mmeryett9@omniture.com","phone":"(210) 6960278","address":"270 John Wall Crossing"},
{"id":11,"first_name":"Allene","last_name":"Epelett","email":"aepeletta@wordpress.org","phone":"(280) 6740864","address":"92455 Old Shore Crossing"},
{"id":12,"first_name":"Danita","last_name":"O'Crowley","email":"docrowleyb@ycombinator.com","phone":"(955) 5848705","address":"3 Loeprich Way"},
{"id":13,"first_name":"Alfonso","last_name":"Hatrey","email":"ahatreyc@state.gov","phone":"(848) 9064414","address":"2876 Ridgeview Park"},
{"id":14,"first_name":"Amargo","last_name":"Greatrex","email":"agreatrexd@flavors.me","phone":"(638) 7139538","address":"37046 6th Parkway"},
{"id":15,"first_name":"Case","last_name":"Styche","email":"cstychee@spotify.com","phone":"(333) 6220758","address":"292 Toban Alley"},
{"id":16,"first_name":"Clim","last_name":"Fitt","email":"cfittf@ovh.net","phone":"(880) 1458351","address":"797 Bellgrove Street"},
{"id":17,"first_name":"Carol","last_name":"Crawford","email":"ccrawfordg@yandex.ru","phone":"(290) 9596592","address":"4084 Onsgard Avenue"},
{"id":18,"first_name":"Siobhan","last_name":"Dubber","email":"sdubberh@quantcast.com","phone":"(654) 7099122","address":"3 Corben Road"},
{"id":19,"first_name":"Normie","last_name":"Ilymanov","email":"nilymanovi@plala.or.jp","phone":"(684) 4573157","address":"4 Novick Road"},
{"id":20,"first_name":"Suellen","last_name":"Stagge","email":"sstaggej@people.com.cn","phone":"(760) 9336055","address":"44768 7th Trail"},
{"id":21,"first_name":"Felita","last_name":"Conduit","email":"fconduitk@hhs.gov","phone":"(509) 9673043","address":"86198 Esch Plaza"},
{"id":22,"first_name":"Marcela","last_name":"Hards","email":"mhardsl@cnn.com","phone":"(227) 4938477","address":"4463 Larry Lane"},
{"id":23,"first_name":"Randolf","last_name":"Moss","email":"rmossm@washington.edu","phone":"(140) 4575382","address":"2261 Hanson Road"},
{"id":24,"first_name":"Vivian","last_name":"Bowlands","email":"vbowlandsn@twitter.com","phone":"(286) 2202504","address":"37768 Armistice Center"},
{"id":25,"first_name":"Lisbeth","last_name":"Meneyer","email":"lmeneyero@independent.co.uk","phone":"(796) 2183467","address":"82 Pawling Lane"},
{"id":26,"first_name":"Kellyann","last_name":"Pancast","email":"kpancastp@themeforest.net","phone":"(614) 8451785","address":"65 Kinsman Way"},
{"id":27,"first_name":"Tammie","last_name":"Cookes","email":"tcookesq@unblog.fr","phone":"(766) 8158990","address":"18612 Karstens Place"},
{"id":28,"first_name":"Carny","last_name":"Portman","email":"cportmanr@ustream.tv","phone":"(824) 2190263","address":"27248 Grim Way"},
{"id":29,"first_name":"Lon","last_name":"Brimelow","email":"lbrimelows@youtube.com","phone":"(411) 7209407","address":"276 Evergreen Parkway"},
{"id":30,"first_name":"Goldy","last_name":"Bootes","email":"gbootest@tripadvisor.com","phone":"(761) 7077629","address":"38 Michigan Place"},
{"id":31,"first_name":"Olympie","last_name":"Tolussi","email":"otolussiu@bing.com","phone":"(399) 5456302","address":"40962 Karstens Way"},
{"id":32,"first_name":"Francklyn","last_name":"Kitchingham","email":"fkitchinghamv@4shared.com","phone":"(414) 6628612","address":"28644 Di Loreto Place"},
{"id":33,"first_name":"Claudelle","last_name":"Clancy","email":"cclancyw@constantcontact.com","phone":"(692) 2354120","address":"1 Carpenter Street"},
{"id":34,"first_name":"Kristoforo","last_name":"Hounihan","email":"khounihanx@naver.com","phone":"(274) 9121342","address":"470 Fair Oaks Alley"},
{"id":35,"first_name":"Trip","last_name":"Ramel","email":"tramely@chron.com","phone":"(568) 9257932","address":"70941 Kingsford Plaza"},
{"id":36,"first_name":"Devlen","last_name":"Rojas","email":"drojasz@facebook.com","phone":"(692) 1013243","address":"52123 Canary Crossing"},
{"id":37,"first_name":"Hube","last_name":"Ceschini","email":"hceschini10@google.com.hk","phone":"(976) 5084549","address":"5129 Magdeline Pass"},
{"id":38,"first_name":"Antonius","last_name":"Kiggel","email":"akiggel11@typepad.com","phone":"(866) 1134053","address":"5465 Carberry Alley"},
{"id":39,"first_name":"Claudine","last_name":"De Few","email":"cdefew12@usnews.com","phone":"(597) 6258139","address":"2652 Talisman Park"},
{"id":40,"first_name":"Niels","last_name":"Scogin","email":"nscogin13@reference.com","phone":"(887) 4784294","address":"65262 Logan Pass"},
{"id":41,"first_name":"Ezri","last_name":"Perrington","email":"eperrington14@telegraph.co.uk","phone":"(528) 9515135","address":"55 Mandrake Court"},
{"id":42,"first_name":"Rubie","last_name":"Hacun","email":"rhacun15@goodreads.com","phone":"(185) 1559303","address":"8404 Daystar Park"},
{"id":43,"first_name":"Corrie","last_name":"Markovic","email":"cmarkovic16@hc360.com","phone":"(907) 5420268","address":"938 Rockefeller Park"},
{"id":44,"first_name":"Dulcia","last_name":"Mitchelmore","email":"dmitchelmore17@pinterest.com","phone":"(574) 3256642","address":"103 Jana Way"},
{"id":45,"first_name":"Hoebart","last_name":"Beauman","email":"hbeauman18@goo.gl","phone":"(908) 4433418","address":"50241 Del Sol Pass"},
{"id":46,"first_name":"Rochelle","last_name":"Siggee","email":"rsiggee19@rambler.ru","phone":"(981) 3814263","address":"5724 Kim Center"},
{"id":47,"first_name":"Rhianon","last_name":"Reede","email":"rreede1a@un.org","phone":"(255) 3824472","address":"213 Butternut Park"},
{"id":48,"first_name":"Corabelle","last_name":"Esmonde","email":"cesmonde1b@alibaba.com","phone":"(525) 7436964","address":"4346 Arrowood Lane"},
{"id":49,"first_name":"Marmaduke","last_name":"Okey","email":"mokey1c@msu.edu","phone":"(673) 1220715","address":"01951 Bashford Terrace"},
{"id":50,"first_name":"Rex","last_name":"Ladon","email":"rladon1d@posterous.com","phone":"(394) 9824166","address":"5193 Dovetail Parkway"}]