[{"userid":20221001,"first_name":"Jose","last_name":"Crilly","Country":"Spain","username":"rcrilly0","password":"kkdxvAl1Ci"},
{"userid":20221002,"first_name":"Juan","last_name":"Hegg","Country":"Colombia","username":"ohegg1","password":"SOTPvgA6"},
{"userid":20221003,"first_name":"April","last_name":"Shanahan","Country":"Korea","username":"ishanahan2","password":"sn7BRWIx"},
{"userid":20221004,"first_name":"Jake","last_name":"Tregent","Country":"Korea","username":"ztregent3","password":"JVAwxDyvq"},
{"userid":20221005,"first_name":"Siramon","last_name":"McGuiness","Country":"Korea","username":"hmcguiness4","password":"mRw0okQ"},
{"userid":20221006,"first_name":"Henry","last_name":"Edlestone","Country":"Korea","username":"cedlestone5","password":"LJuYzvls9"},
{"userid":20221007,"first_name":"Wun-Yu","last_name":"Scanlan","Country":"Korea","username":"tscanlan6","password":"ZJVV4YXX"},
{"userid":20221008,"first_name":"Mamiko","last_name":"Brugmann","Country":"Japan","username":"pbrugmann7","password":"iMNDBdXO7Li"},
{"userid":20221009,"first_name":"Akane","last_name":"Triplet","Country":"Japan","username":"striplet8","password":"htD9kQI1d"},
{"userid":20221010,"first_name":"Lin-Wen","last_name":"Asplin","Country":"Japan","username":"zasplin9","password":"XlaiiokD"},
{"userid":20221011,"first_name":"Mathias","last_name":"Ivanaev","Country":"Brazil","username":"jivanaeva","password":"Lb41GL0Q7"},
{"userid":20221012,"first_name":"Mathias","last_name":"Auden","Country":"Brazil","username":"baudenb","password":"uimLNwu5"},
{"userid":20221013,"first_name":"Peilun","last_name":"Buddleigh","Country":"Korea","username":"cbuddleighc","password":"vJcGHbuaCY1O"},
  {
    "userid": 20221014,
    "first_name": "Crist",
    "last_name": "Casado",
    "Country": "Mexico",
    "username": "mcasadod",
    "password": "r1TnHnFeh0"
  },
  {
    "userid": 20221014,
    "first_name": "Lin",
    "last_name": "Auden",
    "Country": "Korea",
    "username": "livanaeva",
    "password": "r1TnHnFeh0"
  }
]